{"cameraMode":{"drawMode":0,"name":"Shaded","section":"Shading Mode"},"sceneLighting":true,"audioPlay":false,"sceneViewState":{"m_AlwaysRefresh":false,"showFog":true,"showSkybox":true,"showFlares":true,"showImageEffects":true,"showParticleSystems":true,"showVisualEffectGraphs":true,"m_FxEnabled":true},"in2DMode":false,"pivot":{"x":-0.5796513557434082,"y":-6.918026924133301,"z":15.565997123718262},"rotation":{"x":-0.16154100000858308,"y":-0.020106272771954538,"z":0.003466340247541666,"w":-0.9865419864654541},"size":18.413564682006837,"orthographic":false}