{"cameraMode":{"drawMode":0,"name":"Shaded","section":"Shading Mode"},"sceneLighting":true,"audioPlay":false,"sceneViewState":{"m_AlwaysRefresh":false,"showFog":true,"showSkybox":true,"showFlares":true,"showImageEffects":true,"showParticleSystems":true,"showVisualEffectGraphs":true,"m_FxEnabled":true},"in2DMode":false,"pivot":{"x":0.765089750289917,"y":-12.490428924560547,"z":6.450475692749023},"rotation":{"x":-0.5795640349388123,"y":0.004304225090891123,"z":-0.0027257646434009077,"w":-0.8147280812263489},"size":18.080684661865236,"orthographic":false}